sample_id,longitude,latitude,before_year,after_year,predicted_before,predicted_after,reference_source,reference_capture_date,reviewer,review_date,reference_label_before,reference_label_after,ambiguity,status,primary_threshold,sensitivity_predicted_before,sensitivity_predicted_after,category,observation,disagreement,apparent_local_water_to_exposed_surface,exact_nine_class_reference,independent_ground_truth,context_page,qa60_20210901,qa60_20210926
DWR-01,51.5506509,25.6514497,2021,2026,Unknown,built,Supplied COPERNICUS/S2_HARMONIZED 2021 RGB/QA60; preserved Sentinel-2 L2A 2026 crops; see provenance/manifest,2021-09-01; 2021-09-26; 2026-09-05; 2026-09-15,Codex assistant visual review; not independent/member confirmation,2026-10-08,mixed existing structures/paved/bare coastal surface,mixed structures/paved/bare coastal surface,"Existing structure context conflicts with a simple before-bare/new-construction story; exact roof/paving/bare proportions, registration, L1C/L2A brightness and saturated display remain unresolved.",paired assistant visual review complete; independent scientific review pending,0.6,bare,built,ambiguous_exact_class,"Both 2021 dates already show the same recognisable shore-adjacent block/structure layout seen in 2026. The marked 10 m pixel is a bright mixed surface, not a clearly new building. No convincing bare-to-new-built event can be assigned at this target from these views.",potential_2021_bare_label_vs_existing_built_context,,unassigned; descriptive visual interpretations only,False,results/dynamic-world-paired-context/page-1.png,0,0
DWR-02,51.5193496,25.64723,2021,2026,water,Unknown,Supplied COPERNICUS/S2_HARMONIZED 2021 RGB/QA60; preserved Sentinel-2 L2A 2026 crops; see provenance/manifest,2021-09-01; 2021-09-26; 2026-09-05; 2026-09-15,Codex assistant visual review; not independent/member confirmation,2026-10-08,water-like pond surface,bright exposed/bare-looking surface,"Drying, fill, reclamation, management and exact material cannot be distinguished; after RGB is display-saturated and primary after classification is Unknown. No area or causal claim.",paired assistant visual review complete; independent scientific review pending,0.6,water,bare,clear_visual_pattern,The target lies within a coherent green-blue pond-like feature in both 2021 dates. The same location is bright exposed-looking ground in both 2026 views. The local water-like to exposed-surface pattern is visually supported.,none_obvious_at_broad_visual_level,,unassigned; descriptive visual interpretations only,False,results/dynamic-world-paired-context/page-1.png,0,0
DWR-03,51.5153612,25.6464314,2021,2026,water,Unknown,Supplied COPERNICUS/S2_HARMONIZED 2021 RGB/QA60; preserved Sentinel-2 L2A 2026 crops; see provenance/manifest,2021-09-01; 2021-09-26; 2026-09-05; 2026-09-15,Codex assistant visual review; not independent/member confirmation,2026-10-08,water-like pond surface,bright exposed/bare-looking surface,"Surface change is apparent, but mechanism, timing, exact bare class and a surveyed transition are unverified. Primary after remains Unknown; not citywide growth.",paired assistant visual review complete; independent scientific review pending,0.6,water,bare,clear_visual_pattern,"A bounded dark pond-like feature contains the target in both 2021 dates; its shape is absent at the target in both 2026 contexts, which show bright exposed-looking ground. The broad local difference agrees with the sensitivity water-to-bare prediction.",none_obvious_at_broad_visual_level,,unassigned; descriptive visual interpretations only,False,results/dynamic-world-paired-context/page-1.png,0,0
DWR-04,51.52535,25.6752016,2021,2026,Unknown,Unknown,Supplied COPERNICUS/S2_HARMONIZED 2021 RGB/QA60; preserved Sentinel-2 L2A 2026 crops; see provenance/manifest,2021-09-01; 2021-09-26; 2026-09-05; 2026-09-15,Codex assistant visual review; not independent/member confirmation,2026-10-08,dark water-like elongated feature,bright exposed/bare-looking surface,"Shallow water, wet sediment, tidal stage and drying/fill cannot be separated from these RGB views. Both primary labels remain Unknown; no adopted exact class or mechanism.",paired assistant visual review complete; independent scientific review pending,0.6,water,bare,clear_visual_pattern,The target sits in a coherent dark elongated water-like feature along light banks on both 2021 dates. It is bright exposed-looking surface on both 2026 dates. A local water-like/exposed-surface difference is apparent.,none_obvious_at_broad_visual_level,,unassigned; descriptive visual interpretations only,False,results/dynamic-world-paired-context/page-2.png,0,0
DWR-05,51.5263278,25.7162846,2021,2026,built,built,Supplied COPERNICUS/S2_HARMONIZED 2021 RGB/QA60; preserved Sentinel-2 L2A 2026 crops; see provenance/manifest,2021-09-01; 2021-09-26; 2026-09-05; 2026-09-15,Codex assistant visual review; not independent/member confirmation,2026-10-08,urban roof/road/bare mixture,urban roof/road/bare mixture,"10 m material mixture, shadows and L1C/L2A contrast prevent exact target truth or a quantified stable-built area.",paired assistant visual review complete; independent scientific review pending,0.6,built,built,ambiguous_exact_class,"Street and building-block layout is recognisable at all four dates, broadly consistent with built context in both years. The exact central pixel mixes pale/grey roof, paving or bare material; a precise built class is not independently resolved.",none_obvious_in_context_exact_target_unresolved,,unassigned; descriptive visual interpretations only,False,results/dynamic-world-paired-context/page-2.png,0,0
DWR-06,51.5334757,25.709757,2021,2026,built,built,Supplied COPERNICUS/S2_HARMONIZED 2021 RGB/QA60; preserved Sentinel-2 L2A 2026 crops; see provenance/manifest,2021-09-01; 2021-09-26; 2026-09-05; 2026-09-15,Codex assistant visual review; not independent/member confirmation,2026-10-08,urban roof/road/bare mixture,urban roof/road/bare mixture,Context agreement is not independent nine-class ground truth; no citywide stability inference.,paired assistant visual review complete; independent scientific review pending,0.6,built,built,ambiguous_exact_class,"Both years show an established street/building pattern. The marked target is a pale mixed pixel within that pattern. Stable built context is plausible, but target-level roof versus paving versus bare land is ambiguous.",none_obvious_in_context_exact_target_unresolved,,unassigned; descriptive visual interpretations only,False,results/dynamic-world-paired-context/page-2.png,0,0
DWR-07,51.4813614,25.7138213,2021,2026,bare,bare,Supplied COPERNICUS/S2_HARMONIZED 2021 RGB/QA60; preserved Sentinel-2 L2A 2026 crops; see provenance/manifest,2021-09-01; 2021-09-26; 2026-09-05; 2026-09-15,Codex assistant visual review; not independent/member confirmation,2026-10-08,predominantly bare-looking desert surface,predominantly bare-looking desert surface,Sparse vegetation and exact substrate remain below RGB resolution; apparent local consistency does not prove citywide stability or exact accuracy.,paired assistant visual review complete; independent scientific review pending,0.6,bare,bare,clear_visual_pattern,"The marked target and surrounding open desert are predominantly pale, bare-looking in all four dates. No obvious broad land-cover switch is visible; the broad appearance agrees with bare/bare.",none_obvious_at_broad_visual_level,,unassigned; descriptive visual interpretations only,False,results/dynamic-world-paired-context/page-3.png,0,0
DWR-08,51.4541809,25.6697515,2021,2026,bare,bare,Supplied COPERNICUS/S2_HARMONIZED 2021 RGB/QA60; preserved Sentinel-2 L2A 2026 crops; see provenance/manifest,2021-09-01; 2021-09-26; 2026-09-05; 2026-09-15,Codex assistant visual review; not independent/member confirmation,2026-10-08,predominantly bare-looking desert surface,predominantly bare-looking desert surface,Cannot rule out sparse vegetation or subpixel differences; RGB brightness differs between L1C and L2A.,paired assistant visual review complete; independent scientific review pending,0.6,bare,bare,clear_visual_pattern,All four dates show a predominantly bare-looking open surface at the target. Broad bare/bare appearance is consistent across the supplied dates without an obvious new structure or dense green cover.,none_obvious_at_broad_visual_level,,unassigned; descriptive visual interpretations only,False,results/dynamic-world-paired-context/page-3.png,0,0
DWR-09,51.5443713,25.6946367,2021,2026,water,water,Supplied COPERNICUS/S2_HARMONIZED 2021 RGB/QA60; preserved Sentinel-2 L2A 2026 crops; see provenance/manifest,2021-09-01; 2021-09-26; 2026-09-05; 2026-09-15,Codex assistant visual review; not independent/member confirmation,2026-10-08,water-like coastal surface,water-like coastal surface,"Submerged vegetation, shallow-water bottom and tide cannot be assigned; colour differences are not vegetation change or quantitative reflectance.",paired assistant visual review complete; independent scientific review pending,0.6,water,water,clear_visual_pattern,The target remains within a continuous dark water-like coastal area at all four dates. Broad water/water appearance agrees with the primary prediction.,none_obvious_at_broad_visual_level,,unassigned; descriptive visual interpretations only,False,results/dynamic-world-paired-context/page-3.png,0,0
DWR-10,51.5424825,25.6736941,2021,2026,water,water,Supplied COPERNICUS/S2_HARMONIZED 2021 RGB/QA60; preserved Sentinel-2 L2A 2026 crops; see provenance/manifest,2021-09-01; 2021-09-26; 2026-09-05; 2026-09-15,Codex assistant visual review; not independent/member confirmation,2026-10-08,water-like coastal surface with texture,water-like coastal surface with texture,Patch texture may include shallow-water substrate or submerged vegetation; exact flooded-vegetation distinction and tide are unresolved. No vegetation absence claim.,paired assistant visual review complete; independent scientific review pending,0.6,water,water,clear_visual_pattern,All four dates place the target within a continuous water-like coastal surface; dark/green patches surround it. Broad water context is plausible in both years without a clear target-scale conversion.,none_obvious_at_broad_visual_level,,unassigned; descriptive visual interpretations only,False,results/dynamic-world-paired-context/page-4.png,0,0
DWR-11,51.549609,25.684955,2021,2026,Unknown,Unknown,Supplied COPERNICUS/S2_HARMONIZED 2021 RGB/QA60; preserved Sentinel-2 L2A 2026 crops; see provenance/manifest,2021-09-01; 2021-09-26; 2026-09-05; 2026-09-15,Codex assistant visual review; not independent/member confirmation,2026-10-08,dark coastal water/possible vegetation mixture,dark coastal water/possible vegetation mixture,"RGB alone cannot separate flooded/submerged vegetation, open water, shadow or tidal substrate; no botanical ground truth. Both primary labels stay Unknown.",paired assistant visual review complete; independent scientific review pending,0.6,flooded_vegetation,flooded_vegetation,ambiguous_exact_class,"Both years show a dark, fairly uniform water-like target next to a pale shore. The sensitivity flooded-vegetation label is not visibly identifiable at the marked pixel. Water-like appearance is a potential competing interpretation, not proof of a model error.",potential_flooded_vegetation_vs_water_like_RGB,,unassigned; descriptive visual interpretations only,False,results/dynamic-world-paired-context/page-4.png,0,0
DWR-12,51.5521395,25.6934336,2021,2026,Unknown,Unknown,Supplied COPERNICUS/S2_HARMONIZED 2021 RGB/QA60; preserved Sentinel-2 L2A 2026 crops; see provenance/manifest,2021-09-01; 2021-09-26; 2026-09-05; 2026-09-15,Codex assistant visual review; not independent/member confirmation,2026-10-08,dark coastal water/possible vegetation mixture,dark coastal water/possible vegetation mixture,The two 2026 SCL flags differ and have another taxonomy. Neither those flags nor colour establish exact vegetation truth; primary Unknown is retained.,paired assistant visual review complete; independent scientific review pending,0.6,flooded_vegetation,flooded_vegetation,ambiguous_exact_class,The target is dark water-like beside a curving shore in both years. Nearby 2026 green/blue streaks do not resolve vegetation at the exact target. Flooded-vegetation/flooded-vegetation at 0.50 remains ambiguous.,potential_flooded_vegetation_vs_water_like_RGB,,unassigned; descriptive visual interpretations only,False,results/dynamic-world-paired-context/page-4.png,0,0
DWR-13,51.5493158,25.6862203,2021,2026,Unknown,Unknown,Supplied COPERNICUS/S2_HARMONIZED 2021 RGB/QA60; preserved Sentinel-2 L2A 2026 crops; see provenance/manifest,2021-09-01; 2021-09-26; 2026-09-05; 2026-09-15,Codex assistant visual review; not independent/member confirmation,2026-10-08,dark water/vegetation/shadow mixture,dark water/vegetation/shadow mixture,"Raw vegetation argmax is rejected even at 0.50; green appearance, submerged texture and display-processing differences cannot establish vegetation extent. Unknown remains.",paired assistant visual review complete; independent scientific review pending,0.6,Unknown,Unknown,ambiguous_exact_class,Both years show dark coastal context with a lighter/greener nearby band; the centre remains dark. No precise flooded-vegetation reference or historical conversion is resolved from RGB.,unresolved_not_a_confirmed_error,,unassigned; descriptive visual interpretations only,False,results/dynamic-world-paired-context/page-5.png,0,0
DWR-14,51.5454972,25.7011341,2021,2026,Unknown,Unknown,Supplied COPERNICUS/S2_HARMONIZED 2021 RGB/QA60; preserved Sentinel-2 L2A 2026 crops; see provenance/manifest,2021-09-01; 2021-09-26; 2026-09-05; 2026-09-15,Codex assistant visual review; not independent/member confirmation,2026-10-08,mixed shoreline/shallow-water context,mixed shoreline/shallow-water context,"Tidal/wetness, shadow, vegetation and L1C/L2A colour differences are inseparable here; both primary and 0.50 labels remain Unknown.",paired assistant visual review complete; independent scientific review pending,0.6,Unknown,Unknown,ambiguous_exact_class,"The same shoreline strip, dark centre and lighter water/bank context are recognisable in both years. Raw water-to-flooded-vegetation labels are very low confidence and no clear vegetation conversion can be established.",unresolved_not_a_confirmed_error,,unassigned; descriptive visual interpretations only,False,results/dynamic-world-paired-context/page-5.png,0,0
DWR-15,51.5473199,25.6855957,2021,2026,Unknown,Unknown,Supplied COPERNICUS/S2_HARMONIZED 2021 RGB/QA60; preserved Sentinel-2 L2A 2026 crops; see provenance/manifest,2021-09-01; 2021-09-26; 2026-09-05; 2026-09-15,Codex assistant visual review; not independent/member confirmation,2026-10-08,dark coastal vegetation/water mixture,dark coastal vegetation/water mixture,"No species, inundation, canopy, shade or vegetation absence is established. Primary and sensitivity remain Unknown.",paired assistant visual review complete; independent scientific review pending,0.6,Unknown,Unknown,ambiguous_exact_class,A similar dark coastal feature with a narrow pale element is visible in both years. Green surroundings and a 2026 vegetation SCL flag suggest possible vegetation context but do not establish a class at the exact target.,unresolved_not_a_confirmed_error,,unassigned; descriptive visual interpretations only,False,results/dynamic-world-paired-context/page-5.png,0,0
DWR-16,51.5519189,25.6888291,2021,2026,Unknown,Unknown,Supplied COPERNICUS/S2_HARMONIZED 2021 RGB/QA60; preserved Sentinel-2 L2A 2026 crops; see provenance/manifest,2021-09-01; 2021-09-26; 2026-09-05; 2026-09-15,Codex assistant visual review; not independent/member confirmation,2026-10-08,dark coastal vegetation/water mixture,dark coastal vegetation/water mixture,"Very low confidence, 10 m mixing and tide/processing effects prevent exact flooded vegetation versus tree attribution. Unknown in both years is appropriate.",paired assistant visual review complete; independent scientific review pending,0.6,Unknown,Unknown,ambiguous_exact_class,Both years show a similar dark coastal strip next to a diagonal pale bank; no distinct tree crown is resolvable at the target. Raw flooded-vegetation-to-trees output is not visually validated.,unresolved_not_a_confirmed_error,,unassigned; descriptive visual interpretations only,False,results/dynamic-world-paired-context/page-6.png,0,0
DWR-17,51.528494,25.7102267,2021,2026,Unknown,Unknown,Supplied COPERNICUS/S2_HARMONIZED 2021 RGB/QA60; preserved Sentinel-2 L2A 2026 crops; see provenance/manifest,2021-09-01; 2021-09-26; 2026-09-05; 2026-09-15,Codex assistant visual review; not independent/member confirmation,2026-10-08,urban road/roof/bare mixture,urban road/roof/bare mixture,Low-confidence urban mixture is not repaired by contextual visual agreement; Unknown stays unchanged.,paired assistant visual review complete; independent scientific review pending,0.6,Unknown,Unknown,ambiguous_exact_class,"Road and building pattern is present in all dates, with a pale central road/paved/bare pixel. Raw built/built is contextually plausible, but exact material cannot be assigned and the primary rule rejects both years.",none_obvious_in_context_exact_target_unresolved,,unassigned; descriptive visual interpretations only,False,results/dynamic-world-paired-context/page-6.png,0,0
DWR-18,51.5095054,25.6515991,2021,2026,Unknown,Unknown,Supplied COPERNICUS/S2_HARMONIZED 2021 RGB/QA60; preserved Sentinel-2 L2A 2026 crops; see provenance/manifest,2021-09-01; 2021-09-26; 2026-09-05; 2026-09-15,Codex assistant visual review; not independent/member confirmation,2026-10-08,bright exposed/bare-looking surface,bright exposed/bare-looking surface,"Display clipping limits material detail, and both confidences remain below 0.60. Visual plausibility does not promote primary Unknown or lower the threshold.",paired assistant visual review complete; independent scientific review pending,0.6,bare,bare,clear_visual_pattern,"The target lies on a bright exposed-looking open surface in all four dates. Broad bare/bare appearance agrees with the sensitivity prediction, without an obvious broad conversion.",none_obvious_at_broad_visual_level,,unassigned; descriptive visual interpretations only,False,results/dynamic-world-paired-context/page-6.png,0,0
