sample_id,stratum,longitude,latitude,easting,northing,row,col,component_pixels,reference_2021,reference_2026,status,raw_label_2021,primary_label_2021,sensitivity_label_2021,confidence_2021,observation_count_2021,p_built_2021,p_bare_2021,raw_label_2026,primary_label_2026,sensitivity_label_2026,confidence_2026,observation_count_2026,p_built_2026,p_bare_2026
DWR-01,sensitivity_bare_to_built,51.5506509,25.6514497,555270.0,2837200.0,870,1063,41,2021-09-01 and 2021-09-26 supplied source-linked RGB/QA60,2026-09-05 and 2026-09-15 packaged RGB,paired assistant visual review complete; independent scientific review pending,bare,Unknown,bare,0.5305429100990295,6,0.11083271354436874,0.5305429100990295,built,built,built,0.6622599959373474,8,0.6622599959373474,0.09634631872177124
DWR-02,sensitivity_water_to_bare,51.5193496,25.64723,552130.0,2836720.0,918,749,121,2021-09-01 and 2021-09-26 supplied source-linked RGB/QA60,2026-09-05 and 2026-09-15 packaged RGB,paired assistant visual review complete; independent scientific review pending,water,water,water,0.6856176853179932,6,0.03026648610830307,0.0743238776922226,bare,Unknown,bare,0.5242197513580322,8,0.063100665807724,0.5242197513580322
DWR-03,sensitivity_water_to_bare,51.5153612,25.6464314,551730.0,2836630.0,927,709,74,2021-09-01 and 2021-09-26 supplied source-linked RGB/QA60,2026-09-05 and 2026-09-15 packaged RGB,paired assistant visual review complete; independent scientific review pending,water,water,water,0.672291100025177,6,0.04407010227441788,0.07395376265048981,bare,Unknown,bare,0.5103687644004822,8,0.054715365171432495,0.5103687644004822
DWR-04,sensitivity_water_to_bare,51.52535,25.6752016,552720.0,2839820.0,608,808,9,2021-09-01 and 2021-09-26 supplied source-linked RGB/QA60,2026-09-05 and 2026-09-15 packaged RGB,paired assistant visual review complete; independent scientific review pending,water,Unknown,water,0.5190491080284119,6,0.02872963435947895,0.18089568614959717,bare,Unknown,bare,0.5277723073959351,8,0.06590264290571213,0.5277723073959351
DWR-05,stable_built_primary,51.5263278,25.7162846,552800.0,2844370.0,153,816,4407,2021-09-01 and 2021-09-26 supplied source-linked RGB/QA60,2026-09-05 and 2026-09-15 packaged RGB,paired assistant visual review complete; independent scientific review pending,built,built,built,0.7259706854820251,6,0.7259706854820251,0.06194306164979935,built,built,built,0.6799308657646179,7,0.6799308657646179,0.08866018056869507
DWR-06,stable_built_primary,51.5334757,25.709757,553520.0,2843650.0,225,888,396,2021-09-01 and 2021-09-26 supplied source-linked RGB/QA60,2026-09-05 and 2026-09-15 packaged RGB,paired assistant visual review complete; independent scientific review pending,built,built,built,0.6678250432014465,6,0.6678250432014465,0.10191188752651215,built,built,built,0.7094072699546814,8,0.7094072699546814,0.06605568528175354
DWR-07,stable_bare_primary,51.4813614,25.7138213,548290.0,2844080.0,182,365,0,2021-09-01 and 2021-09-26 supplied source-linked RGB/QA60,2026-09-05 and 2026-09-15 packaged RGB,paired assistant visual review complete; independent scientific review pending,bare,bare,bare,0.6099451184272766,6,0.05362360551953316,0.6099451184272766,bare,bare,bare,0.6069644689559937,8,0.05501922592520714,0.6069644689559937
DWR-08,stable_bare_primary,51.4541809,25.6697515,545580.0,2839190.0,671,94,0,2021-09-01 and 2021-09-26 supplied source-linked RGB/QA60,2026-09-05 and 2026-09-15 packaged RGB,paired assistant visual review complete; independent scientific review pending,bare,bare,bare,0.61216801404953,6,0.051818832755088806,0.61216801404953,bare,bare,bare,0.6091951131820679,8,0.05376860126852989,0.6091951131820679
DWR-09,stable_water_primary,51.5443713,25.6946367,554620.0,2841980.0,392,998,0,2021-09-01 and 2021-09-26 supplied source-linked RGB/QA60,2026-09-05 and 2026-09-15 packaged RGB,paired assistant visual review complete; independent scientific review pending,water,water,water,0.6969813108444214,6,0.02913786843419075,0.042449936270713806,water,water,water,0.7271327376365662,8,0.028782470151782036,0.037500690668821335
DWR-10,stable_water_primary,51.5424825,25.6736941,554440.0,2839660.0,624,980,0,2021-09-01 and 2021-09-26 supplied source-linked RGB/QA60,2026-09-05 and 2026-09-15 packaged RGB,paired assistant visual review complete; independent scientific review pending,water,water,water,0.6785599589347839,6,0.02510681562125683,0.05832468718290329,water,water,water,0.6893811821937561,8,0.027958055958151817,0.041990168392658234
DWR-11,stable_flooded_vegetation_sensitivity,51.549609,25.684955,555150.0,2840910.0,499,1051,98,2021-09-01 and 2021-09-26 supplied source-linked RGB/QA60,2026-09-05 and 2026-09-15 packaged RGB,paired assistant visual review complete; independent scientific review pending,flooded_vegetation,Unknown,flooded_vegetation,0.5321445465087891,6,0.03127087652683258,0.03787084296345711,flooded_vegetation,Unknown,flooded_vegetation,0.5093039274215698,8,0.031960293650627136,0.037266332656145096
DWR-12,stable_flooded_vegetation_sensitivity,51.5521395,25.6934336,555400.0,2841850.0,405,1076,96,2021-09-01 and 2021-09-26 supplied source-linked RGB/QA60,2026-09-05 and 2026-09-15 packaged RGB,paired assistant visual review complete; independent scientific review pending,flooded_vegetation,Unknown,flooded_vegetation,0.5790848731994629,6,0.026320794597268105,0.06355927884578705,flooded_vegetation,Unknown,flooded_vegetation,0.5615938305854797,8,0.02934245951473713,0.04371483251452446
DWR-13,vegetation_raw_label_rejected_at_primary,51.5493158,25.6862203,555120.0,2841050.0,485,1048,3107,2021-09-01 and 2021-09-26 supplied source-linked RGB/QA60,2026-09-05 and 2026-09-15 packaged RGB,paired assistant visual review complete; independent scientific review pending,flooded_vegetation,Unknown,Unknown,0.4555654525756836,6,0.029938193038105965,0.04868554323911667,flooded_vegetation,Unknown,Unknown,0.43403860926628113,8,0.03119371272623539,0.0490846112370491
DWR-14,vegetation_raw_label_rejected_at_primary,51.5454972,25.7011341,554730.0,2842700.0,320,1009,2718,2021-09-01 and 2021-09-26 supplied source-linked RGB/QA60,2026-09-05 and 2026-09-15 packaged RGB,paired assistant visual review complete; independent scientific review pending,water,Unknown,Unknown,0.29006847739219666,6,0.03401317819952965,0.17339012026786804,flooded_vegetation,Unknown,Unknown,0.23113393783569336,8,0.03833341225981712,0.08968070894479752
DWR-15,Unknown_with_dated_SCL_vegetation_context,51.5473199,25.6855957,554920.0,2840980.0,492,1028,572,2021-09-01 and 2021-09-26 supplied source-linked RGB/QA60,2026-09-05 and 2026-09-15 packaged RGB,paired assistant visual review complete; independent scientific review pending,flooded_vegetation,Unknown,Unknown,0.4785476326942444,6,0.034108445048332214,0.04758474975824356,flooded_vegetation,Unknown,Unknown,0.4565774202346802,8,0.036144405603408813,0.04054054245352745
DWR-16,Unknown_with_dated_SCL_vegetation_context,51.5519189,25.6888291,555380.0,2841340.0,456,1074,412,2021-09-01 and 2021-09-26 supplied source-linked RGB/QA60,2026-09-05 and 2026-09-15 packaged RGB,paired assistant visual review complete; independent scientific review pending,flooded_vegetation,Unknown,Unknown,0.32983529567718506,6,0.0431395024061203,0.04932325705885887,trees,Unknown,Unknown,0.22075419127941132,8,0.04792442545294762,0.044828709214925766
DWR-17,Unknown_built_bare_context,51.528494,25.7102267,553020.0,2843700.0,220,838,0,2021-09-01 and 2021-09-26 supplied source-linked RGB/QA60,2026-09-05 and 2026-09-15 packaged RGB,paired assistant visual review complete; independent scientific review pending,built,Unknown,Unknown,0.3352724611759186,6,0.3352724611759186,0.324684202671051,built,Unknown,Unknown,0.3723437786102295,8,0.3723437786102295,0.2835514545440674
DWR-18,Unknown_built_bare_context,51.5095054,25.6515991,551140.0,2837200.0,870,650,0,2021-09-01 and 2021-09-26 supplied source-linked RGB/QA60,2026-09-05 and 2026-09-15 packaged RGB,paired assistant visual review complete; independent scientific review pending,bare,Unknown,bare,0.5846982598304749,6,0.052448563277721405,0.5846982598304749,bare,Unknown,bare,0.5987606644630432,8,0.0537690706551075,0.5987606644630432
