buffer_m,qa_max_k,ndvi_threshold,min_cell_samples,common_samples,eligible_cells,top3,weights
60,2,0.2,25,1278,16,"V02-05,V04-04,V03-04",
60,2,0.3,25,1278,16,"V02-05,V04-04,V04-03",
60,2,0.4,25,1278,16,"V02-05,V04-04,V04-03",
30,2,0.3,25,1704,16,"V02-05,V04-04,V03-04",
100,2,0.3,25,879,13,"V02-05,V04-04,V04-03",
60,2.5,0.3,25,1428,16,"V02-05,V04-04,V04-03",
60,3,0.3,25,1428,16,"V02-05,V04-04,V04-03",
60,2,0.3,50,1278,12,"V02-05,V04-04,V04-03",
60,2,0.3,25,1278,16,"V02-05,V04-04,V01-05","(1, 0, 0)"
60,2,0.3,25,1278,16,"V02-05,V04-03,V04-04","(0.5, 0.5, 0)"
60,2,0.3,25,1278,16,"V02-05,V04-03,V04-04","(0.3333333333333333, 0.3333333333333333, 0.3333333333333333)"
