cell_id,common_30m_samples,temp_c_2026-09-14,vegetation_pct_2026-09-14,st_qa_k_2026-09-14,temp_c_2026-09-30,vegetation_pct_2026-09-30,st_qa_k_2026-09-30,mapped_building_pct,worldcover2021_built_pct,retained_cell_pct,mean_date_median_temp_c,mean_date_green_pixel_pct,investigation_score,investigation_rank,scenario_best_rank,scenario_worst_rank,scenarios_eligible,scenario_top3_count,recommendation
V02-05,80,45.503448486328125,6.0416669845581055,1.8700000047683716,44.8232421875,4.375,1.834999918937683,34.93055725097656,48.95833206176758,80.0,45.16334533691406,5.208333492279053,91.875,1,1,1,11,11,"Inspect pedestrian use, current shade and planting feasibility before choosing an intervention."
V04-04,96,45.077880859375,5.902778148651123,1.899999976158142,44.67626953125,6.192130088806152,1.8700000047683716,24.681711196899414,98.37963104248047,96.0,44.8770751953125,6.047454118728638,81.25,2,2,3,11,11,"Inspect pedestrian use, current shade and planting feasibility before choosing an intervention."
V04-03,59,44.170379638671875,5.118483066558838,1.9499999284744263,44.248992919921875,3.2227487564086914,1.9199999570846558,30.28435707092285,86.49288940429688,59.0,44.209686279296875,4.170615911483765,78.74999999999999,3,2,6,11,8,"Inspect pedestrian use, current shade and planting feasibility before choosing an intervention."
V03-04,96,44.838623046875,12.297454833984375,1.899999976158142,44.095184326171875,10.445603370666504,1.8600000143051147,35.82175827026367,97.16435241699219,96.0,44.46690368652344,11.37152910232544,74.375,4,3,4,11,2,"Inspect pedestrian use, current shade and planting feasibility before choosing an intervention."
V05-04,51,44.156707763671875,10.076251983642578,1.9799998998641968,44.354949951171875,9.85838794708252,1.9499999284744263,11.601306915283203,95.04357147216797,51.0,44.255828857421875,9.967319965362549,56.875,5,5,9,11,0,"Inspect pedestrian use, current shade and planting feasibility before choosing an intervention."
V05-03,82,43.980682373046875,9.41734504699707,1.909999966621399,44.394287109375,7.926829814910889,1.8799999952316284,17.581300735473633,92.716796875,82.0,44.18748474121094,8.67208743095398,55.00000000000001,6,5,7,11,0,"Inspect pedestrian use, current shade and planting feasibility before choosing an intervention."
V01-05,79,44.5361328125,42.01828384399414,1.8899999856948853,44.43359375,40.611812591552734,1.8499999046325684,8.016877174377441,41.31504440307617,79.0,44.48486328125,41.31504821777344,48.75,7,3,13,11,1,"Inspect pedestrian use, current shade and planting feasibility before choosing an intervention."
V01-01,50,43.717498779296875,19.095478057861328,1.9499999284744263,43.350067138671875,16.247907638549805,1.9199999570846558,24.90228843688965,58.3472900390625,50.0,43.533782958984375,17.671692848205566,48.125,8,5,11,11,0,"Inspect pedestrian use, current shade and planting feasibility before choosing an intervention."
V01-02,74,43.884979248046875,22.86035919189453,1.9199999570846558,44.173797607421875,21.875003814697266,1.8899999856948853,18.2228946685791,79.63103485107422,74.0,44.029388427734375,22.3676815032959,45.0,9,7,11,11,0,"Inspect pedestrian use, current shade and planting feasibility before choosing an intervention."
V03-03,35,43.179168701171875,5.905825614929199,1.96999990940094,42.823699951171875,3.3412888050079346,1.9399999380111694,17.740652084350586,85.99840545654297,35.0,43.001434326171875,4.623557209968567,41.87499999999999,10,5,14,9,0,"Inspect pedestrian use, current shade and planting feasibility before choosing an intervention."
V05-02,74,42.996307373046875,13.549115180969238,1.9499999284744263,43.298797607421875,12.669684410095215,1.9199999570846558,23.07692527770996,78.7330322265625,74.0,43.147552490234375,13.109399795532227,38.125,11,6,13,11,0,"Inspect pedestrian use, current shade and planting feasibility before choosing an intervention."
V00-02,57,42.663055419921875,5.95121955871582,1.909999966621399,43.158660888671875,5.8479533195495605,1.8899999856948853,18.664718627929688,64.03508758544922,56.99999999999999,42.910858154296875,5.89958643913269,37.5,12,9,15,11,0,"Inspect pedestrian use, current shade and planting feasibility before choosing an intervention."
V02-00,44,43.505584716796875,34.60075759887695,1.9299999475479126,42.898895263671875,30.412696838378906,1.899999976158142,21.46031951904297,80.0,44.0,43.202239990234375,32.50672721862793,34.375,13,10,14,9,0,"Inspect pedestrian use, current shade and planting feasibility before choosing an intervention."
V02-03,34,43.751678466796875,46.40523147583008,1.9399999380111694,43.835418701171875,39.46078109741211,1.9199999570846558,5.882352828979492,59.967315673828125,34.0,43.793548583984375,42.933006286621094,26.875,14,9,15,9,0,"Inspect pedestrian use, current shade and planting feasibility before choosing an intervention."
V02-04,76,43.522674560546875,52.08333206176758,1.8799999952316284,43.126190185546875,47.25877380371094,1.8499999046325684,15.387428283691406,71.08918762207031,76.0,43.324432373046875,49.67105293273926,22.5,15,11,16,11,0,"Inspect pedestrian use, current shade and planting feasibility before choosing an intervention."
V03-05,46,43.071502685546875,40.448753356933594,1.8849999904632568,42.391326904296875,36.93803787231445,1.8499999046325684,19.866344451904297,69.2588119506836,46.0,42.731414794921875,38.69339561462402,18.75,16,13,16,10,0,"Inspect pedestrian use, current shade and planting feasibility before choosing an intervention."
