system:index,acquired_utc,asset_id,crs,dataset,dynamicworld_algorithm_version,end_exclusive,grid_transform,qa_algorithm_version,source_sentinel2_id,start_inclusive,year,.geo
1_2_0,2021-09-01 07:22:28,20210901T070619_20210901T071620_T39RWJ,EPSG:32639,GOOGLE/DYNAMICWORLD/V1,3.5,2021-10-01,"10,0,544635,0,-10,2845905",1,COPERNICUS/S2_HARMONIZED/20210901T070619_20210901T071620_T39RWJ,2021-09-01,2021,"{""type"":""MultiPoint"",""coordinates"":[]}"
1_2_1,2021-09-06 07:22:32,20210906T070621_20210906T071628_T39RWJ,EPSG:32639,GOOGLE/DYNAMICWORLD/V1,3.5,2021-10-01,"10,0,544635,0,-10,2845905",1,COPERNICUS/S2_HARMONIZED/20210906T070621_20210906T071628_T39RWJ,2021-09-01,2021,"{""type"":""MultiPoint"",""coordinates"":[]}"
1_2_2,2021-09-11 07:22:27,20210911T070619_20210911T071406_T39RWJ,EPSG:32639,GOOGLE/DYNAMICWORLD/V1,3.5,2021-10-01,"10,0,544635,0,-10,2845905",1,COPERNICUS/S2_HARMONIZED/20210911T070619_20210911T071406_T39RWJ,2021-09-01,2021,"{""type"":""MultiPoint"",""coordinates"":[]}"
1_2_3,2021-09-16 07:22:33,20210916T070621_20210916T071546_T39RWJ,EPSG:32639,GOOGLE/DYNAMICWORLD/V1,3.5,2021-10-01,"10,0,544635,0,-10,2845905",1,COPERNICUS/S2_HARMONIZED/20210916T070621_20210916T071546_T39RWJ,2021-09-01,2021,"{""type"":""MultiPoint"",""coordinates"":[]}"
1_2_4,2021-09-21 07:22:28,20210921T070619_20210921T071718_T39RWJ,EPSG:32639,GOOGLE/DYNAMICWORLD/V1,3.5,2021-10-01,"10,0,544635,0,-10,2845905",1,COPERNICUS/S2_HARMONIZED/20210921T070619_20210921T071718_T39RWJ,2021-09-01,2021,"{""type"":""MultiPoint"",""coordinates"":[]}"
1_2_5,2021-09-26 07:22:35,20210926T070641_20210926T072035_T39RWJ,EPSG:32639,GOOGLE/DYNAMICWORLD/V1,3.5,2021-10-01,"10,0,544635,0,-10,2845905",1,COPERNICUS/S2_HARMONIZED/20210926T070641_20210926T072035_T39RWJ,2021-09-01,2021,"{""type"":""MultiPoint"",""coordinates"":[]}"
2_0,2026-09-02 07:22:46,20260902T071321_20260902T072136_T39RWJ,EPSG:32639,GOOGLE/DYNAMICWORLD/V1,3.5,2026-10-01,"10,0,544635,0,-10,2845905",1,COPERNICUS/S2_HARMONIZED/20260902T071321_20260902T072136_T39RWJ,2026-09-01,2026,"{""type"":""MultiPoint"",""coordinates"":[]}"
2_1,2026-09-05 07:22:28,20260905T070619_20260905T071117_T39RWJ,EPSG:32639,GOOGLE/DYNAMICWORLD/V1,3.5,2026-10-01,"10,0,544635,0,-10,2845905",1,COPERNICUS/S2_HARMONIZED/20260905T070619_20260905T071117_T39RWJ,2026-09-01,2026,"{""type"":""MultiPoint"",""coordinates"":[]}"
2_2,2026-09-10 07:22:29,20260910T070621_20260910T071736_T39RWJ,EPSG:32639,GOOGLE/DYNAMICWORLD/V1,3.5,2026-10-01,"10,0,544635,0,-10,2845905",1,COPERNICUS/S2_HARMONIZED/20260910T070621_20260910T071736_T39RWJ,2026-09-01,2026,"{""type"":""MultiPoint"",""coordinates"":[]}"
2_3,2026-09-15 07:22:29,20260915T070619_20260915T071117_T39RWJ,EPSG:32639,GOOGLE/DYNAMICWORLD/V1,3.5,2026-10-01,"10,0,544635,0,-10,2845905",1,COPERNICUS/S2_HARMONIZED/20260915T070619_20260915T071117_T39RWJ,2026-09-01,2026,"{""type"":""MultiPoint"",""coordinates"":[]}"
2_4,2026-09-20 07:22:31,20260920T070621_20260920T071717_T39RWJ,EPSG:32639,GOOGLE/DYNAMICWORLD/V1,3.5,2026-10-01,"10,0,544635,0,-10,2845905",1,COPERNICUS/S2_HARMONIZED/20260920T070621_20260920T071717_T39RWJ,2026-09-01,2026,"{""type"":""MultiPoint"",""coordinates"":[]}"
2_5,2026-09-22 07:22:45,20260922T071321_20260922T071331_T39RWJ,EPSG:32639,GOOGLE/DYNAMICWORLD/V1,3.5,2026-10-01,"10,0,544635,0,-10,2845905",1,COPERNICUS/S2_HARMONIZED/20260922T071321_20260922T071331_T39RWJ,2026-09-01,2026,"{""type"":""MultiPoint"",""coordinates"":[]}"
2_6,2026-09-25 07:22:31,20260925T070619_20260925T071242_T39RWJ,EPSG:32639,GOOGLE/DYNAMICWORLD/V1,3.5,2026-10-01,"10,0,544635,0,-10,2845905",1,COPERNICUS/S2_HARMONIZED/20260925T070619_20260925T071242_T39RWJ,2026-09-01,2026,"{""type"":""MultiPoint"",""coordinates"":[]}"
2_7,2026-09-30 07:22:32,20260930T070701_20260930T071800_T39RWJ,EPSG:32639,GOOGLE/DYNAMICWORLD/V1,3.5,2026-10-01,"10,0,544635,0,-10,2845905",1,COPERNICUS/S2_HARMONIZED/20260930T070701_20260930T071800_T39RWJ,2026-09-01,2026,"{""type"":""MultiPoint"",""coordinates"":[]}"
