system:index,area_m2,class_code,class_name,confidence_threshold,support,year,.geo
0,1.0638858230455142E7,0,water,0.5,whole_window_accepted,2021,"{""type"":""MultiPoint"",""coordinates"":[]}"
1,0.0,1,trees,0.5,whole_window_accepted,2021,"{""type"":""MultiPoint"",""coordinates"":[]}"
2,0.0,2,grass,0.5,whole_window_accepted,2021,"{""type"":""MultiPoint"",""coordinates"":[]}"
3,130514.50573272705,3,flooded_vegetation,0.5,whole_window_accepted,2021,"{""type"":""MultiPoint"",""coordinates"":[]}"
4,2301.725128173828,4,crops,0.5,whole_window_accepted,2021,"{""type"":""MultiPoint"",""coordinates"":[]}"
5,0.0,5,shrub_and_scrub,0.5,whole_window_accepted,2021,"{""type"":""MultiPoint"",""coordinates"":[]}"
6,1105908.1563568115,6,built,0.5,whole_window_accepted,2021,"{""type"":""MultiPoint"",""coordinates"":[]}"
7,7.798004932488999E7,7,bare,0.5,whole_window_accepted,2021,"{""type"":""MultiPoint"",""coordinates"":[]}"
8,0.0,8,snow_and_ice,0.5,whole_window_accepted,2021,"{""type"":""MultiPoint"",""coordinates"":[]}"
9,2.635636352393262E7,255,unknown,0.5,whole_window,2021,"{""type"":""MultiPoint"",""coordinates"":[]}"
10,1.1074798251594517E7,0,water,0.5,whole_window_accepted,2026,"{""type"":""MultiPoint"",""coordinates"":[]}"
11,0.0,1,trees,0.5,whole_window_accepted,2026,"{""type"":""MultiPoint"",""coordinates"":[]}"
12,0.0,2,grass,0.5,whole_window_accepted,2026,"{""type"":""MultiPoint"",""coordinates"":[]}"
13,73018.45179775462,3,flooded_vegetation,0.5,whole_window_accepted,2026,"{""type"":""MultiPoint"",""coordinates"":[]}"
14,0.0,4,crops,0.5,whole_window_accepted,2026,"{""type"":""MultiPoint"",""coordinates"":[]}"
15,0.0,5,shrub_and_scrub,0.5,whole_window_accepted,2026,"{""type"":""MultiPoint"",""coordinates"":[]}"
16,1467272.6794586182,6,built,0.5,whole_window_accepted,2026,"{""type"":""MultiPoint"",""coordinates"":[]}"
17,7.581907862089E7,7,bare,0.5,whole_window_accepted,2026,"{""type"":""MultiPoint"",""coordinates"":[]}"
18,0.0,8,snow_and_ice,0.5,whole_window_accepted,2026,"{""type"":""MultiPoint"",""coordinates"":[]}"
19,2.7779827462754577E7,255,unknown,0.5,whole_window,2026,"{""type"":""MultiPoint"",""coordinates"":[]}"
20,9256835.125191921,0,water,0.6,whole_window_accepted,2021,"{""type"":""MultiPoint"",""coordinates"":[]}"
21,0.0,1,trees,0.6,whole_window_accepted,2021,"{""type"":""MultiPoint"",""coordinates"":[]}"
22,0.0,2,grass,0.6,whole_window_accepted,2021,"{""type"":""MultiPoint"",""coordinates"":[]}"
23,2101.5214309692383,3,flooded_vegetation,0.6,whole_window_accepted,2021,"{""type"":""MultiPoint"",""coordinates"":[]}"
24,0.0,4,crops,0.6,whole_window_accepted,2021,"{""type"":""MultiPoint"",""coordinates"":[]}"
25,0.0,5,shrub_and_scrub,0.6,whole_window_accepted,2021,"{""type"":""MultiPoint"",""coordinates"":[]}"
26,647473.1376037598,6,built,0.6,whole_window_accepted,2021,"{""type"":""MultiPoint"",""coordinates"":[]}"
27,3.113423122557875E7,7,bare,0.6,whole_window_accepted,2021,"{""type"":""MultiPoint"",""coordinates"":[]}"
28,0.0,8,snow_and_ice,0.6,whole_window_accepted,2021,"{""type"":""MultiPoint"",""coordinates"":[]}"
29,7.517335445668998E7,255,unknown,0.6,whole_window,2021,"{""type"":""MultiPoint"",""coordinates"":[]}"
30,9518275.047915764,0,water,0.6,whole_window_accepted,2026,"{""type"":""MultiPoint"",""coordinates"":[]}"
31,0.0,1,trees,0.6,whole_window_accepted,2026,"{""type"":""MultiPoint"",""coordinates"":[]}"
32,0.0,2,grass,0.6,whole_window_accepted,2026,"{""type"":""MultiPoint"",""coordinates"":[]}"
33,231.54019972857307,3,flooded_vegetation,0.6,whole_window_accepted,2026,"{""type"":""MultiPoint"",""coordinates"":[]}"
34,0.0,4,crops,0.6,whole_window_accepted,2026,"{""type"":""MultiPoint"",""coordinates"":[]}"
35,0.0,5,shrub_and_scrub,0.6,whole_window_accepted,2026,"{""type"":""MultiPoint"",""coordinates"":[]}"
36,759554.7903594971,6,built,0.6,whole_window_accepted,2026,"{""type"":""MultiPoint"",""coordinates"":[]}"
37,3.331736531072999E7,7,bare,0.6,whole_window_accepted,2026,"{""type"":""MultiPoint"",""coordinates"":[]}"
38,0.0,8,snow_and_ice,0.6,whole_window_accepted,2026,"{""type"":""MultiPoint"",""coordinates"":[]}"
39,7.261856877730569E7,255,unknown,0.6,whole_window,2026,"{""type"":""MultiPoint"",""coordinates"":[]}"
40,5655285.5017786985,0,water,0.7,whole_window_accepted,2021,"{""type"":""MultiPoint"",""coordinates"":[]}"
41,0.0,1,trees,0.7,whole_window_accepted,2021,"{""type"":""MultiPoint"",""coordinates"":[]}"
42,0.0,2,grass,0.7,whole_window_accepted,2021,"{""type"":""MultiPoint"",""coordinates"":[]}"
43,0.0,3,flooded_vegetation,0.7,whole_window_accepted,2021,"{""type"":""MultiPoint"",""coordinates"":[]}"
44,0.0,4,crops,0.7,whole_window_accepted,2021,"{""type"":""MultiPoint"",""coordinates"":[]}"
45,0.0,5,shrub_and_scrub,0.7,whole_window_accepted,2021,"{""type"":""MultiPoint"",""coordinates"":[]}"
46,242377.16872406006,6,built,0.7,whole_window_accepted,2021,"{""type"":""MultiPoint"",""coordinates"":[]}"
47,0.0,7,bare,0.7,whole_window_accepted,2021,"{""type"":""MultiPoint"",""coordinates"":[]}"
48,0.0,8,snow_and_ice,0.7,whole_window_accepted,2021,"{""type"":""MultiPoint"",""coordinates"":[]}"
49,1.1031633279598504E8,255,unknown,0.7,whole_window,2021,"{""type"":""MultiPoint"",""coordinates"":[]}"
50,7097852.594688717,0,water,0.7,whole_window_accepted,2026,"{""type"":""MultiPoint"",""coordinates"":[]}"
51,0.0,1,trees,0.7,whole_window_accepted,2026,"{""type"":""MultiPoint"",""coordinates"":[]}"
52,0.0,2,grass,0.7,whole_window_accepted,2026,"{""type"":""MultiPoint"",""coordinates"":[]}"
53,0.0,3,flooded_vegetation,0.7,whole_window_accepted,2026,"{""type"":""MultiPoint"",""coordinates"":[]}"
54,0.0,4,crops,0.7,whole_window_accepted,2026,"{""type"":""MultiPoint"",""coordinates"":[]}"
55,0.0,5,shrub_and_scrub,0.7,whole_window_accepted,2026,"{""type"":""MultiPoint"",""coordinates"":[]}"
56,170424.5849456787,6,built,0.7,whole_window_accepted,2026,"{""type"":""MultiPoint"",""coordinates"":[]}"
57,0.0,7,bare,0.7,whole_window_accepted,2026,"{""type"":""MultiPoint"",""coordinates"":[]}"
58,0.0,8,snow_and_ice,0.7,whole_window_accepted,2026,"{""type"":""MultiPoint"",""coordinates"":[]}"
59,1.0894571828686103E8,255,unknown,0.7,whole_window,2026,"{""type"":""MultiPoint"",""coordinates"":[]}"
