system:index,after_m2,after_year,before_m2,before_year,change_m2,class_code,class_name,common_support_m2,common_window_fraction,confidence_threshold,coverage_screen_pass,excluded_window_m2,review_status,.geo
0,1.052607561567853E7,2026,1.055619769619153E7,2021,-30122.08051300049,0,water,8.458689473218735E7,0.7278546305257512,0.5,1,3.162710073430808E7,DO NOT PUBLISH before imagery/manual validation,"{""type"":""MultiPoint"",""coordinates"":[]}"
1,0.0,2026,0.0,2021,0.0,1,trees,8.458689473218735E7,0.7278546305257512,0.5,1,3.162710073430808E7,DO NOT PUBLISH before imagery/manual validation,"{""type"":""MultiPoint"",""coordinates"":[]}"
2,0.0,2026,0.0,2021,0.0,2,grass,8.458689473218735E7,0.7278546305257512,0.5,1,3.162710073430808E7,DO NOT PUBLISH before imagery/manual validation,"{""type"":""MultiPoint"",""coordinates"":[]}"
3,48926.79937941607,2026,48926.79937941607,2021,0.0,3,flooded_vegetation,8.458689473218735E7,0.7278546305257512,0.5,1,3.162710073430808E7,DO NOT PUBLISH before imagery/manual validation,"{""type"":""MultiPoint"",""coordinates"":[]}"
4,0.0,2026,0.0,2021,0.0,4,crops,8.458689473218735E7,0.7278546305257512,0.5,1,3.162710073430808E7,DO NOT PUBLISH before imagery/manual validation,"{""type"":""MultiPoint"",""coordinates"":[]}"
5,0.0,2026,0.0,2021,0.0,5,shrub_and_scrub,8.458689473218735E7,0.7278546305257512,0.5,1,3.162710073430808E7,DO NOT PUBLISH before imagery/manual validation,"{""type"":""MultiPoint"",""coordinates"":[]}"
6,1011939.3167190552,2026,1006935.6831359863,2021,5003.633583068848,6,built,8.458689473218735E7,0.7278546305257512,0.5,1,3.162710073430808E7,DO NOT PUBLISH before imagery/manual validation,"{""type"":""MultiPoint"",""coordinates"":[]}"
7,7.299995300038749E7,2026,7.297483455345756E7,2021,25118.44692993164,7,bare,8.458689473218735E7,0.7278546305257512,0.5,1,3.162710073430808E7,DO NOT PUBLISH before imagery/manual validation,"{""type"":""MultiPoint"",""coordinates"":[]}"
8,0.0,2026,0.0,2021,0.0,8,snow_and_ice,8.458689473218735E7,0.7278546305257512,0.5,1,3.162710073430808E7,DO NOT PUBLISH before imagery/manual validation,"{""type"":""MultiPoint"",""coordinates"":[]}"
9,9149956.866746182,2026,9149956.866746182,2021,0.0,0,water,3.595487806368993E7,0.30938509530941777,0.6,0,8.025911740280549E7,DO NOT PUBLISH before imagery/manual validation,"{""type"":""MultiPoint"",""coordinates"":[]}"
10,0.0,2026,0.0,2021,0.0,1,trees,3.595487806368993E7,0.30938509530941777,0.6,0,8.025911740280549E7,DO NOT PUBLISH before imagery/manual validation,"{""type"":""MultiPoint"",""coordinates"":[]}"
11,0.0,2026,0.0,2021,0.0,2,grass,3.595487806368993E7,0.30938509530941777,0.6,0,8.025911740280549E7,DO NOT PUBLISH before imagery/manual validation,"{""type"":""MultiPoint"",""coordinates"":[]}"
12,0.0,2026,0.0,2021,0.0,3,flooded_vegetation,3.595487806368993E7,0.30938509530941777,0.6,0,8.025911740280549E7,DO NOT PUBLISH before imagery/manual validation,"{""type"":""MultiPoint"",""coordinates"":[]}"
13,0.0,2026,0.0,2021,0.0,4,crops,3.595487806368993E7,0.30938509530941777,0.6,0,8.025911740280549E7,DO NOT PUBLISH before imagery/manual validation,"{""type"":""MultiPoint"",""coordinates"":[]}"
14,0.0,2026,0.0,2021,0.0,5,shrub_and_scrub,3.595487806368993E7,0.30938509530941777,0.6,0,8.025911740280549E7,DO NOT PUBLISH before imagery/manual validation,"{""type"":""MultiPoint"",""coordinates"":[]}"
15,541195.4559249878,2026,541195.4559249878,2021,0.0,6,built,3.595487806368993E7,0.30938509530941777,0.6,0,8.025911740280549E7,DO NOT PUBLISH before imagery/manual validation,"{""type"":""MultiPoint"",""coordinates"":[]}"
16,2.626372574101875E7,2026,2.626372574101875E7,2021,0.0,7,bare,3.595487806368993E7,0.30938509530941777,0.6,0,8.025911740280549E7,DO NOT PUBLISH before imagery/manual validation,"{""type"":""MultiPoint"",""coordinates"":[]}"
17,0.0,2026,0.0,2021,0.0,8,snow_and_ice,3.595487806368993E7,0.30938509530941777,0.6,0,8.025911740280549E7,DO NOT PUBLISH before imagery/manual validation,"{""type"":""MultiPoint"",""coordinates"":[]}"
18,5521287.779770947,2026,5521287.779770947,2021,0.0,0,water,5673699.217789746,0.04882113548385381,0.7,0,1.1054029624870569E8,DO NOT PUBLISH before imagery/manual validation,"{""type"":""MultiPoint"",""coordinates"":[]}"
19,0.0,2026,0.0,2021,0.0,1,trees,5673699.217789746,0.04882113548385381,0.7,0,1.1054029624870569E8,DO NOT PUBLISH before imagery/manual validation,"{""type"":""MultiPoint"",""coordinates"":[]}"
20,0.0,2026,0.0,2021,0.0,2,grass,5673699.217789746,0.04882113548385381,0.7,0,1.1054029624870569E8,DO NOT PUBLISH before imagery/manual validation,"{""type"":""MultiPoint"",""coordinates"":[]}"
21,0.0,2026,0.0,2021,0.0,3,flooded_vegetation,5673699.217789746,0.04882113548385381,0.7,0,1.1054029624870569E8,DO NOT PUBLISH before imagery/manual validation,"{""type"":""MultiPoint"",""coordinates"":[]}"
22,0.0,2026,0.0,2021,0.0,4,crops,5673699.217789746,0.04882113548385381,0.7,0,1.1054029624870569E8,DO NOT PUBLISH before imagery/manual validation,"{""type"":""MultiPoint"",""coordinates"":[]}"
23,0.0,2026,0.0,2021,0.0,5,shrub_and_scrub,5673699.217789746,0.04882113548385381,0.7,0,1.1054029624870569E8,DO NOT PUBLISH before imagery/manual validation,"{""type"":""MultiPoint"",""coordinates"":[]}"
24,152411.43801879883,2026,152411.43801879883,2021,0.0,6,built,5673699.217789746,0.04882113548385381,0.7,0,1.1054029624870569E8,DO NOT PUBLISH before imagery/manual validation,"{""type"":""MultiPoint"",""coordinates"":[]}"
25,0.0,2026,0.0,2021,0.0,7,bare,5673699.217789746,0.04882113548385381,0.7,0,1.1054029624870569E8,DO NOT PUBLISH before imagery/manual validation,"{""type"":""MultiPoint"",""coordinates"":[]}"
26,0.0,2026,0.0,2021,0.0,8,snow_and_ice,5673699.217789746,0.04882113548385381,0.7,0,1.1054029624870569E8,DO NOT PUBLISH before imagery/manual validation,"{""type"":""MultiPoint"",""coordinates"":[]}"
