system:index,after_year,area_m2,before_year,confidence_threshold,from_class,from_code,to_class,to_code,.geo
0,2026,1.052607561567853E7,2021,0.5,water,0,water,0,"{""type"":""MultiPoint"",""coordinates"":[]}"
1,2026,0.0,2021,0.5,water,0,trees,1,"{""type"":""MultiPoint"",""coordinates"":[]}"
2,2026,0.0,2021,0.5,water,0,grass,2,"{""type"":""MultiPoint"",""coordinates"":[]}"
3,2026,0.0,2021,0.5,water,0,flooded_vegetation,3,"{""type"":""MultiPoint"",""coordinates"":[]}"
4,2026,0.0,2021,0.5,water,0,crops,4,"{""type"":""MultiPoint"",""coordinates"":[]}"
5,2026,0.0,2021,0.5,water,0,shrub_and_scrub,5,"{""type"":""MultiPoint"",""coordinates"":[]}"
6,2026,0.0,2021,0.5,water,0,built,6,"{""type"":""MultiPoint"",""coordinates"":[]}"
7,2026,30122.08051300049,2021,0.5,water,0,bare,7,"{""type"":""MultiPoint"",""coordinates"":[]}"
8,2026,0.0,2021,0.5,water,0,snow_and_ice,8,"{""type"":""MultiPoint"",""coordinates"":[]}"
9,2026,0.0,2021,0.5,trees,1,water,0,"{""type"":""MultiPoint"",""coordinates"":[]}"
10,2026,0.0,2021,0.5,trees,1,trees,1,"{""type"":""MultiPoint"",""coordinates"":[]}"
11,2026,0.0,2021,0.5,trees,1,grass,2,"{""type"":""MultiPoint"",""coordinates"":[]}"
12,2026,0.0,2021,0.5,trees,1,flooded_vegetation,3,"{""type"":""MultiPoint"",""coordinates"":[]}"
13,2026,0.0,2021,0.5,trees,1,crops,4,"{""type"":""MultiPoint"",""coordinates"":[]}"
14,2026,0.0,2021,0.5,trees,1,shrub_and_scrub,5,"{""type"":""MultiPoint"",""coordinates"":[]}"
15,2026,0.0,2021,0.5,trees,1,built,6,"{""type"":""MultiPoint"",""coordinates"":[]}"
16,2026,0.0,2021,0.5,trees,1,bare,7,"{""type"":""MultiPoint"",""coordinates"":[]}"
17,2026,0.0,2021,0.5,trees,1,snow_and_ice,8,"{""type"":""MultiPoint"",""coordinates"":[]}"
18,2026,0.0,2021,0.5,grass,2,water,0,"{""type"":""MultiPoint"",""coordinates"":[]}"
19,2026,0.0,2021,0.5,grass,2,trees,1,"{""type"":""MultiPoint"",""coordinates"":[]}"
20,2026,0.0,2021,0.5,grass,2,grass,2,"{""type"":""MultiPoint"",""coordinates"":[]}"
21,2026,0.0,2021,0.5,grass,2,flooded_vegetation,3,"{""type"":""MultiPoint"",""coordinates"":[]}"
22,2026,0.0,2021,0.5,grass,2,crops,4,"{""type"":""MultiPoint"",""coordinates"":[]}"
23,2026,0.0,2021,0.5,grass,2,shrub_and_scrub,5,"{""type"":""MultiPoint"",""coordinates"":[]}"
24,2026,0.0,2021,0.5,grass,2,built,6,"{""type"":""MultiPoint"",""coordinates"":[]}"
25,2026,0.0,2021,0.5,grass,2,bare,7,"{""type"":""MultiPoint"",""coordinates"":[]}"
26,2026,0.0,2021,0.5,grass,2,snow_and_ice,8,"{""type"":""MultiPoint"",""coordinates"":[]}"
27,2026,0.0,2021,0.5,flooded_vegetation,3,water,0,"{""type"":""MultiPoint"",""coordinates"":[]}"
28,2026,0.0,2021,0.5,flooded_vegetation,3,trees,1,"{""type"":""MultiPoint"",""coordinates"":[]}"
29,2026,0.0,2021,0.5,flooded_vegetation,3,grass,2,"{""type"":""MultiPoint"",""coordinates"":[]}"
30,2026,48926.79937941607,2021,0.5,flooded_vegetation,3,flooded_vegetation,3,"{""type"":""MultiPoint"",""coordinates"":[]}"
31,2026,0.0,2021,0.5,flooded_vegetation,3,crops,4,"{""type"":""MultiPoint"",""coordinates"":[]}"
32,2026,0.0,2021,0.5,flooded_vegetation,3,shrub_and_scrub,5,"{""type"":""MultiPoint"",""coordinates"":[]}"
33,2026,0.0,2021,0.5,flooded_vegetation,3,built,6,"{""type"":""MultiPoint"",""coordinates"":[]}"
34,2026,0.0,2021,0.5,flooded_vegetation,3,bare,7,"{""type"":""MultiPoint"",""coordinates"":[]}"
35,2026,0.0,2021,0.5,flooded_vegetation,3,snow_and_ice,8,"{""type"":""MultiPoint"",""coordinates"":[]}"
36,2026,0.0,2021,0.5,crops,4,water,0,"{""type"":""MultiPoint"",""coordinates"":[]}"
37,2026,0.0,2021,0.5,crops,4,trees,1,"{""type"":""MultiPoint"",""coordinates"":[]}"
38,2026,0.0,2021,0.5,crops,4,grass,2,"{""type"":""MultiPoint"",""coordinates"":[]}"
39,2026,0.0,2021,0.5,crops,4,flooded_vegetation,3,"{""type"":""MultiPoint"",""coordinates"":[]}"
40,2026,0.0,2021,0.5,crops,4,crops,4,"{""type"":""MultiPoint"",""coordinates"":[]}"
41,2026,0.0,2021,0.5,crops,4,shrub_and_scrub,5,"{""type"":""MultiPoint"",""coordinates"":[]}"
42,2026,0.0,2021,0.5,crops,4,built,6,"{""type"":""MultiPoint"",""coordinates"":[]}"
43,2026,0.0,2021,0.5,crops,4,bare,7,"{""type"":""MultiPoint"",""coordinates"":[]}"
44,2026,0.0,2021,0.5,crops,4,snow_and_ice,8,"{""type"":""MultiPoint"",""coordinates"":[]}"
45,2026,0.0,2021,0.5,shrub_and_scrub,5,water,0,"{""type"":""MultiPoint"",""coordinates"":[]}"
46,2026,0.0,2021,0.5,shrub_and_scrub,5,trees,1,"{""type"":""MultiPoint"",""coordinates"":[]}"
47,2026,0.0,2021,0.5,shrub_and_scrub,5,grass,2,"{""type"":""MultiPoint"",""coordinates"":[]}"
48,2026,0.0,2021,0.5,shrub_and_scrub,5,flooded_vegetation,3,"{""type"":""MultiPoint"",""coordinates"":[]}"
49,2026,0.0,2021,0.5,shrub_and_scrub,5,crops,4,"{""type"":""MultiPoint"",""coordinates"":[]}"
50,2026,0.0,2021,0.5,shrub_and_scrub,5,shrub_and_scrub,5,"{""type"":""MultiPoint"",""coordinates"":[]}"
51,2026,0.0,2021,0.5,shrub_and_scrub,5,built,6,"{""type"":""MultiPoint"",""coordinates"":[]}"
52,2026,0.0,2021,0.5,shrub_and_scrub,5,bare,7,"{""type"":""MultiPoint"",""coordinates"":[]}"
53,2026,0.0,2021,0.5,shrub_and_scrub,5,snow_and_ice,8,"{""type"":""MultiPoint"",""coordinates"":[]}"
54,2026,0.0,2021,0.5,built,6,water,0,"{""type"":""MultiPoint"",""coordinates"":[]}"
55,2026,0.0,2021,0.5,built,6,trees,1,"{""type"":""MultiPoint"",""coordinates"":[]}"
56,2026,0.0,2021,0.5,built,6,grass,2,"{""type"":""MultiPoint"",""coordinates"":[]}"
57,2026,0.0,2021,0.5,built,6,flooded_vegetation,3,"{""type"":""MultiPoint"",""coordinates"":[]}"
58,2026,0.0,2021,0.5,built,6,crops,4,"{""type"":""MultiPoint"",""coordinates"":[]}"
59,2026,0.0,2021,0.5,built,6,shrub_and_scrub,5,"{""type"":""MultiPoint"",""coordinates"":[]}"
60,2026,1006935.6831359863,2021,0.5,built,6,built,6,"{""type"":""MultiPoint"",""coordinates"":[]}"
61,2026,0.0,2021,0.5,built,6,bare,7,"{""type"":""MultiPoint"",""coordinates"":[]}"
62,2026,0.0,2021,0.5,built,6,snow_and_ice,8,"{""type"":""MultiPoint"",""coordinates"":[]}"
63,2026,0.0,2021,0.5,bare,7,water,0,"{""type"":""MultiPoint"",""coordinates"":[]}"
64,2026,0.0,2021,0.5,bare,7,trees,1,"{""type"":""MultiPoint"",""coordinates"":[]}"
65,2026,0.0,2021,0.5,bare,7,grass,2,"{""type"":""MultiPoint"",""coordinates"":[]}"
66,2026,0.0,2021,0.5,bare,7,flooded_vegetation,3,"{""type"":""MultiPoint"",""coordinates"":[]}"
67,2026,0.0,2021,0.5,bare,7,crops,4,"{""type"":""MultiPoint"",""coordinates"":[]}"
68,2026,0.0,2021,0.5,bare,7,shrub_and_scrub,5,"{""type"":""MultiPoint"",""coordinates"":[]}"
69,2026,5003.633583068848,2021,0.5,bare,7,built,6,"{""type"":""MultiPoint"",""coordinates"":[]}"
70,2026,7.296983091987449E7,2021,0.5,bare,7,bare,7,"{""type"":""MultiPoint"",""coordinates"":[]}"
71,2026,0.0,2021,0.5,bare,7,snow_and_ice,8,"{""type"":""MultiPoint"",""coordinates"":[]}"
72,2026,0.0,2021,0.5,snow_and_ice,8,water,0,"{""type"":""MultiPoint"",""coordinates"":[]}"
73,2026,0.0,2021,0.5,snow_and_ice,8,trees,1,"{""type"":""MultiPoint"",""coordinates"":[]}"
74,2026,0.0,2021,0.5,snow_and_ice,8,grass,2,"{""type"":""MultiPoint"",""coordinates"":[]}"
75,2026,0.0,2021,0.5,snow_and_ice,8,flooded_vegetation,3,"{""type"":""MultiPoint"",""coordinates"":[]}"
76,2026,0.0,2021,0.5,snow_and_ice,8,crops,4,"{""type"":""MultiPoint"",""coordinates"":[]}"
77,2026,0.0,2021,0.5,snow_and_ice,8,shrub_and_scrub,5,"{""type"":""MultiPoint"",""coordinates"":[]}"
78,2026,0.0,2021,0.5,snow_and_ice,8,built,6,"{""type"":""MultiPoint"",""coordinates"":[]}"
79,2026,0.0,2021,0.5,snow_and_ice,8,bare,7,"{""type"":""MultiPoint"",""coordinates"":[]}"
80,2026,0.0,2021,0.5,snow_and_ice,8,snow_and_ice,8,"{""type"":""MultiPoint"",""coordinates"":[]}"
81,2026,9149956.866746182,2021,0.6,water,0,water,0,"{""type"":""MultiPoint"",""coordinates"":[]}"
82,2026,0.0,2021,0.6,water,0,trees,1,"{""type"":""MultiPoint"",""coordinates"":[]}"
83,2026,0.0,2021,0.6,water,0,grass,2,"{""type"":""MultiPoint"",""coordinates"":[]}"
84,2026,0.0,2021,0.6,water,0,flooded_vegetation,3,"{""type"":""MultiPoint"",""coordinates"":[]}"
85,2026,0.0,2021,0.6,water,0,crops,4,"{""type"":""MultiPoint"",""coordinates"":[]}"
86,2026,0.0,2021,0.6,water,0,shrub_and_scrub,5,"{""type"":""MultiPoint"",""coordinates"":[]}"
87,2026,0.0,2021,0.6,water,0,built,6,"{""type"":""MultiPoint"",""coordinates"":[]}"
88,2026,0.0,2021,0.6,water,0,bare,7,"{""type"":""MultiPoint"",""coordinates"":[]}"
89,2026,0.0,2021,0.6,water,0,snow_and_ice,8,"{""type"":""MultiPoint"",""coordinates"":[]}"
90,2026,0.0,2021,0.6,trees,1,water,0,"{""type"":""MultiPoint"",""coordinates"":[]}"
91,2026,0.0,2021,0.6,trees,1,trees,1,"{""type"":""MultiPoint"",""coordinates"":[]}"
92,2026,0.0,2021,0.6,trees,1,grass,2,"{""type"":""MultiPoint"",""coordinates"":[]}"
93,2026,0.0,2021,0.6,trees,1,flooded_vegetation,3,"{""type"":""MultiPoint"",""coordinates"":[]}"
94,2026,0.0,2021,0.6,trees,1,crops,4,"{""type"":""MultiPoint"",""coordinates"":[]}"
95,2026,0.0,2021,0.6,trees,1,shrub_and_scrub,5,"{""type"":""MultiPoint"",""coordinates"":[]}"
96,2026,0.0,2021,0.6,trees,1,built,6,"{""type"":""MultiPoint"",""coordinates"":[]}"
97,2026,0.0,2021,0.6,trees,1,bare,7,"{""type"":""MultiPoint"",""coordinates"":[]}"
98,2026,0.0,2021,0.6,trees,1,snow_and_ice,8,"{""type"":""MultiPoint"",""coordinates"":[]}"
99,2026,0.0,2021,0.6,grass,2,water,0,"{""type"":""MultiPoint"",""coordinates"":[]}"
100,2026,0.0,2021,0.6,grass,2,trees,1,"{""type"":""MultiPoint"",""coordinates"":[]}"
101,2026,0.0,2021,0.6,grass,2,grass,2,"{""type"":""MultiPoint"",""coordinates"":[]}"
102,2026,0.0,2021,0.6,grass,2,flooded_vegetation,3,"{""type"":""MultiPoint"",""coordinates"":[]}"
103,2026,0.0,2021,0.6,grass,2,crops,4,"{""type"":""MultiPoint"",""coordinates"":[]}"
104,2026,0.0,2021,0.6,grass,2,shrub_and_scrub,5,"{""type"":""MultiPoint"",""coordinates"":[]}"
105,2026,0.0,2021,0.6,grass,2,built,6,"{""type"":""MultiPoint"",""coordinates"":[]}"
106,2026,0.0,2021,0.6,grass,2,bare,7,"{""type"":""MultiPoint"",""coordinates"":[]}"
107,2026,0.0,2021,0.6,grass,2,snow_and_ice,8,"{""type"":""MultiPoint"",""coordinates"":[]}"
108,2026,0.0,2021,0.6,flooded_vegetation,3,water,0,"{""type"":""MultiPoint"",""coordinates"":[]}"
109,2026,0.0,2021,0.6,flooded_vegetation,3,trees,1,"{""type"":""MultiPoint"",""coordinates"":[]}"
110,2026,0.0,2021,0.6,flooded_vegetation,3,grass,2,"{""type"":""MultiPoint"",""coordinates"":[]}"
111,2026,0.0,2021,0.6,flooded_vegetation,3,flooded_vegetation,3,"{""type"":""MultiPoint"",""coordinates"":[]}"
112,2026,0.0,2021,0.6,flooded_vegetation,3,crops,4,"{""type"":""MultiPoint"",""coordinates"":[]}"
113,2026,0.0,2021,0.6,flooded_vegetation,3,shrub_and_scrub,5,"{""type"":""MultiPoint"",""coordinates"":[]}"
114,2026,0.0,2021,0.6,flooded_vegetation,3,built,6,"{""type"":""MultiPoint"",""coordinates"":[]}"
115,2026,0.0,2021,0.6,flooded_vegetation,3,bare,7,"{""type"":""MultiPoint"",""coordinates"":[]}"
116,2026,0.0,2021,0.6,flooded_vegetation,3,snow_and_ice,8,"{""type"":""MultiPoint"",""coordinates"":[]}"
117,2026,0.0,2021,0.6,crops,4,water,0,"{""type"":""MultiPoint"",""coordinates"":[]}"
118,2026,0.0,2021,0.6,crops,4,trees,1,"{""type"":""MultiPoint"",""coordinates"":[]}"
119,2026,0.0,2021,0.6,crops,4,grass,2,"{""type"":""MultiPoint"",""coordinates"":[]}"
120,2026,0.0,2021,0.6,crops,4,flooded_vegetation,3,"{""type"":""MultiPoint"",""coordinates"":[]}"
121,2026,0.0,2021,0.6,crops,4,crops,4,"{""type"":""MultiPoint"",""coordinates"":[]}"
122,2026,0.0,2021,0.6,crops,4,shrub_and_scrub,5,"{""type"":""MultiPoint"",""coordinates"":[]}"
123,2026,0.0,2021,0.6,crops,4,built,6,"{""type"":""MultiPoint"",""coordinates"":[]}"
124,2026,0.0,2021,0.6,crops,4,bare,7,"{""type"":""MultiPoint"",""coordinates"":[]}"
125,2026,0.0,2021,0.6,crops,4,snow_and_ice,8,"{""type"":""MultiPoint"",""coordinates"":[]}"
126,2026,0.0,2021,0.6,shrub_and_scrub,5,water,0,"{""type"":""MultiPoint"",""coordinates"":[]}"
127,2026,0.0,2021,0.6,shrub_and_scrub,5,trees,1,"{""type"":""MultiPoint"",""coordinates"":[]}"
128,2026,0.0,2021,0.6,shrub_and_scrub,5,grass,2,"{""type"":""MultiPoint"",""coordinates"":[]}"
129,2026,0.0,2021,0.6,shrub_and_scrub,5,flooded_vegetation,3,"{""type"":""MultiPoint"",""coordinates"":[]}"
130,2026,0.0,2021,0.6,shrub_and_scrub,5,crops,4,"{""type"":""MultiPoint"",""coordinates"":[]}"
131,2026,0.0,2021,0.6,shrub_and_scrub,5,shrub_and_scrub,5,"{""type"":""MultiPoint"",""coordinates"":[]}"
132,2026,0.0,2021,0.6,shrub_and_scrub,5,built,6,"{""type"":""MultiPoint"",""coordinates"":[]}"
133,2026,0.0,2021,0.6,shrub_and_scrub,5,bare,7,"{""type"":""MultiPoint"",""coordinates"":[]}"
134,2026,0.0,2021,0.6,shrub_and_scrub,5,snow_and_ice,8,"{""type"":""MultiPoint"",""coordinates"":[]}"
135,2026,0.0,2021,0.6,built,6,water,0,"{""type"":""MultiPoint"",""coordinates"":[]}"
136,2026,0.0,2021,0.6,built,6,trees,1,"{""type"":""MultiPoint"",""coordinates"":[]}"
137,2026,0.0,2021,0.6,built,6,grass,2,"{""type"":""MultiPoint"",""coordinates"":[]}"
138,2026,0.0,2021,0.6,built,6,flooded_vegetation,3,"{""type"":""MultiPoint"",""coordinates"":[]}"
139,2026,0.0,2021,0.6,built,6,crops,4,"{""type"":""MultiPoint"",""coordinates"":[]}"
140,2026,0.0,2021,0.6,built,6,shrub_and_scrub,5,"{""type"":""MultiPoint"",""coordinates"":[]}"
141,2026,541195.4559249878,2021,0.6,built,6,built,6,"{""type"":""MultiPoint"",""coordinates"":[]}"
142,2026,0.0,2021,0.6,built,6,bare,7,"{""type"":""MultiPoint"",""coordinates"":[]}"
143,2026,0.0,2021,0.6,built,6,snow_and_ice,8,"{""type"":""MultiPoint"",""coordinates"":[]}"
144,2026,0.0,2021,0.6,bare,7,water,0,"{""type"":""MultiPoint"",""coordinates"":[]}"
145,2026,0.0,2021,0.6,bare,7,trees,1,"{""type"":""MultiPoint"",""coordinates"":[]}"
146,2026,0.0,2021,0.6,bare,7,grass,2,"{""type"":""MultiPoint"",""coordinates"":[]}"
147,2026,0.0,2021,0.6,bare,7,flooded_vegetation,3,"{""type"":""MultiPoint"",""coordinates"":[]}"
148,2026,0.0,2021,0.6,bare,7,crops,4,"{""type"":""MultiPoint"",""coordinates"":[]}"
149,2026,0.0,2021,0.6,bare,7,shrub_and_scrub,5,"{""type"":""MultiPoint"",""coordinates"":[]}"
150,2026,0.0,2021,0.6,bare,7,built,6,"{""type"":""MultiPoint"",""coordinates"":[]}"
151,2026,2.626372574101875E7,2021,0.6,bare,7,bare,7,"{""type"":""MultiPoint"",""coordinates"":[]}"
152,2026,0.0,2021,0.6,bare,7,snow_and_ice,8,"{""type"":""MultiPoint"",""coordinates"":[]}"
153,2026,0.0,2021,0.6,snow_and_ice,8,water,0,"{""type"":""MultiPoint"",""coordinates"":[]}"
154,2026,0.0,2021,0.6,snow_and_ice,8,trees,1,"{""type"":""MultiPoint"",""coordinates"":[]}"
155,2026,0.0,2021,0.6,snow_and_ice,8,grass,2,"{""type"":""MultiPoint"",""coordinates"":[]}"
156,2026,0.0,2021,0.6,snow_and_ice,8,flooded_vegetation,3,"{""type"":""MultiPoint"",""coordinates"":[]}"
157,2026,0.0,2021,0.6,snow_and_ice,8,crops,4,"{""type"":""MultiPoint"",""coordinates"":[]}"
158,2026,0.0,2021,0.6,snow_and_ice,8,shrub_and_scrub,5,"{""type"":""MultiPoint"",""coordinates"":[]}"
159,2026,0.0,2021,0.6,snow_and_ice,8,built,6,"{""type"":""MultiPoint"",""coordinates"":[]}"
160,2026,0.0,2021,0.6,snow_and_ice,8,bare,7,"{""type"":""MultiPoint"",""coordinates"":[]}"
161,2026,0.0,2021,0.6,snow_and_ice,8,snow_and_ice,8,"{""type"":""MultiPoint"",""coordinates"":[]}"
162,2026,5521287.779770947,2021,0.7,water,0,water,0,"{""type"":""MultiPoint"",""coordinates"":[]}"
163,2026,0.0,2021,0.7,water,0,trees,1,"{""type"":""MultiPoint"",""coordinates"":[]}"
164,2026,0.0,2021,0.7,water,0,grass,2,"{""type"":""MultiPoint"",""coordinates"":[]}"
165,2026,0.0,2021,0.7,water,0,flooded_vegetation,3,"{""type"":""MultiPoint"",""coordinates"":[]}"
166,2026,0.0,2021,0.7,water,0,crops,4,"{""type"":""MultiPoint"",""coordinates"":[]}"
167,2026,0.0,2021,0.7,water,0,shrub_and_scrub,5,"{""type"":""MultiPoint"",""coordinates"":[]}"
168,2026,0.0,2021,0.7,water,0,built,6,"{""type"":""MultiPoint"",""coordinates"":[]}"
169,2026,0.0,2021,0.7,water,0,bare,7,"{""type"":""MultiPoint"",""coordinates"":[]}"
170,2026,0.0,2021,0.7,water,0,snow_and_ice,8,"{""type"":""MultiPoint"",""coordinates"":[]}"
171,2026,0.0,2021,0.7,trees,1,water,0,"{""type"":""MultiPoint"",""coordinates"":[]}"
172,2026,0.0,2021,0.7,trees,1,trees,1,"{""type"":""MultiPoint"",""coordinates"":[]}"
173,2026,0.0,2021,0.7,trees,1,grass,2,"{""type"":""MultiPoint"",""coordinates"":[]}"
174,2026,0.0,2021,0.7,trees,1,flooded_vegetation,3,"{""type"":""MultiPoint"",""coordinates"":[]}"
175,2026,0.0,2021,0.7,trees,1,crops,4,"{""type"":""MultiPoint"",""coordinates"":[]}"
176,2026,0.0,2021,0.7,trees,1,shrub_and_scrub,5,"{""type"":""MultiPoint"",""coordinates"":[]}"
177,2026,0.0,2021,0.7,trees,1,built,6,"{""type"":""MultiPoint"",""coordinates"":[]}"
178,2026,0.0,2021,0.7,trees,1,bare,7,"{""type"":""MultiPoint"",""coordinates"":[]}"
179,2026,0.0,2021,0.7,trees,1,snow_and_ice,8,"{""type"":""MultiPoint"",""coordinates"":[]}"
180,2026,0.0,2021,0.7,grass,2,water,0,"{""type"":""MultiPoint"",""coordinates"":[]}"
181,2026,0.0,2021,0.7,grass,2,trees,1,"{""type"":""MultiPoint"",""coordinates"":[]}"
182,2026,0.0,2021,0.7,grass,2,grass,2,"{""type"":""MultiPoint"",""coordinates"":[]}"
183,2026,0.0,2021,0.7,grass,2,flooded_vegetation,3,"{""type"":""MultiPoint"",""coordinates"":[]}"
184,2026,0.0,2021,0.7,grass,2,crops,4,"{""type"":""MultiPoint"",""coordinates"":[]}"
185,2026,0.0,2021,0.7,grass,2,shrub_and_scrub,5,"{""type"":""MultiPoint"",""coordinates"":[]}"
186,2026,0.0,2021,0.7,grass,2,built,6,"{""type"":""MultiPoint"",""coordinates"":[]}"
187,2026,0.0,2021,0.7,grass,2,bare,7,"{""type"":""MultiPoint"",""coordinates"":[]}"
188,2026,0.0,2021,0.7,grass,2,snow_and_ice,8,"{""type"":""MultiPoint"",""coordinates"":[]}"
189,2026,0.0,2021,0.7,flooded_vegetation,3,water,0,"{""type"":""MultiPoint"",""coordinates"":[]}"
190,2026,0.0,2021,0.7,flooded_vegetation,3,trees,1,"{""type"":""MultiPoint"",""coordinates"":[]}"
191,2026,0.0,2021,0.7,flooded_vegetation,3,grass,2,"{""type"":""MultiPoint"",""coordinates"":[]}"
192,2026,0.0,2021,0.7,flooded_vegetation,3,flooded_vegetation,3,"{""type"":""MultiPoint"",""coordinates"":[]}"
193,2026,0.0,2021,0.7,flooded_vegetation,3,crops,4,"{""type"":""MultiPoint"",""coordinates"":[]}"
194,2026,0.0,2021,0.7,flooded_vegetation,3,shrub_and_scrub,5,"{""type"":""MultiPoint"",""coordinates"":[]}"
195,2026,0.0,2021,0.7,flooded_vegetation,3,built,6,"{""type"":""MultiPoint"",""coordinates"":[]}"
196,2026,0.0,2021,0.7,flooded_vegetation,3,bare,7,"{""type"":""MultiPoint"",""coordinates"":[]}"
197,2026,0.0,2021,0.7,flooded_vegetation,3,snow_and_ice,8,"{""type"":""MultiPoint"",""coordinates"":[]}"
198,2026,0.0,2021,0.7,crops,4,water,0,"{""type"":""MultiPoint"",""coordinates"":[]}"
199,2026,0.0,2021,0.7,crops,4,trees,1,"{""type"":""MultiPoint"",""coordinates"":[]}"
200,2026,0.0,2021,0.7,crops,4,grass,2,"{""type"":""MultiPoint"",""coordinates"":[]}"
201,2026,0.0,2021,0.7,crops,4,flooded_vegetation,3,"{""type"":""MultiPoint"",""coordinates"":[]}"
202,2026,0.0,2021,0.7,crops,4,crops,4,"{""type"":""MultiPoint"",""coordinates"":[]}"
203,2026,0.0,2021,0.7,crops,4,shrub_and_scrub,5,"{""type"":""MultiPoint"",""coordinates"":[]}"
204,2026,0.0,2021,0.7,crops,4,built,6,"{""type"":""MultiPoint"",""coordinates"":[]}"
205,2026,0.0,2021,0.7,crops,4,bare,7,"{""type"":""MultiPoint"",""coordinates"":[]}"
206,2026,0.0,2021,0.7,crops,4,snow_and_ice,8,"{""type"":""MultiPoint"",""coordinates"":[]}"
207,2026,0.0,2021,0.7,shrub_and_scrub,5,water,0,"{""type"":""MultiPoint"",""coordinates"":[]}"
208,2026,0.0,2021,0.7,shrub_and_scrub,5,trees,1,"{""type"":""MultiPoint"",""coordinates"":[]}"
209,2026,0.0,2021,0.7,shrub_and_scrub,5,grass,2,"{""type"":""MultiPoint"",""coordinates"":[]}"
210,2026,0.0,2021,0.7,shrub_and_scrub,5,flooded_vegetation,3,"{""type"":""MultiPoint"",""coordinates"":[]}"
211,2026,0.0,2021,0.7,shrub_and_scrub,5,crops,4,"{""type"":""MultiPoint"",""coordinates"":[]}"
212,2026,0.0,2021,0.7,shrub_and_scrub,5,shrub_and_scrub,5,"{""type"":""MultiPoint"",""coordinates"":[]}"
213,2026,0.0,2021,0.7,shrub_and_scrub,5,built,6,"{""type"":""MultiPoint"",""coordinates"":[]}"
214,2026,0.0,2021,0.7,shrub_and_scrub,5,bare,7,"{""type"":""MultiPoint"",""coordinates"":[]}"
215,2026,0.0,2021,0.7,shrub_and_scrub,5,snow_and_ice,8,"{""type"":""MultiPoint"",""coordinates"":[]}"
216,2026,0.0,2021,0.7,built,6,water,0,"{""type"":""MultiPoint"",""coordinates"":[]}"
217,2026,0.0,2021,0.7,built,6,trees,1,"{""type"":""MultiPoint"",""coordinates"":[]}"
218,2026,0.0,2021,0.7,built,6,grass,2,"{""type"":""MultiPoint"",""coordinates"":[]}"
219,2026,0.0,2021,0.7,built,6,flooded_vegetation,3,"{""type"":""MultiPoint"",""coordinates"":[]}"
220,2026,0.0,2021,0.7,built,6,crops,4,"{""type"":""MultiPoint"",""coordinates"":[]}"
221,2026,0.0,2021,0.7,built,6,shrub_and_scrub,5,"{""type"":""MultiPoint"",""coordinates"":[]}"
222,2026,152411.43801879883,2021,0.7,built,6,built,6,"{""type"":""MultiPoint"",""coordinates"":[]}"
223,2026,0.0,2021,0.7,built,6,bare,7,"{""type"":""MultiPoint"",""coordinates"":[]}"
224,2026,0.0,2021,0.7,built,6,snow_and_ice,8,"{""type"":""MultiPoint"",""coordinates"":[]}"
225,2026,0.0,2021,0.7,bare,7,water,0,"{""type"":""MultiPoint"",""coordinates"":[]}"
226,2026,0.0,2021,0.7,bare,7,trees,1,"{""type"":""MultiPoint"",""coordinates"":[]}"
227,2026,0.0,2021,0.7,bare,7,grass,2,"{""type"":""MultiPoint"",""coordinates"":[]}"
228,2026,0.0,2021,0.7,bare,7,flooded_vegetation,3,"{""type"":""MultiPoint"",""coordinates"":[]}"
229,2026,0.0,2021,0.7,bare,7,crops,4,"{""type"":""MultiPoint"",""coordinates"":[]}"
230,2026,0.0,2021,0.7,bare,7,shrub_and_scrub,5,"{""type"":""MultiPoint"",""coordinates"":[]}"
231,2026,0.0,2021,0.7,bare,7,built,6,"{""type"":""MultiPoint"",""coordinates"":[]}"
232,2026,0.0,2021,0.7,bare,7,bare,7,"{""type"":""MultiPoint"",""coordinates"":[]}"
233,2026,0.0,2021,0.7,bare,7,snow_and_ice,8,"{""type"":""MultiPoint"",""coordinates"":[]}"
234,2026,0.0,2021,0.7,snow_and_ice,8,water,0,"{""type"":""MultiPoint"",""coordinates"":[]}"
235,2026,0.0,2021,0.7,snow_and_ice,8,trees,1,"{""type"":""MultiPoint"",""coordinates"":[]}"
236,2026,0.0,2021,0.7,snow_and_ice,8,grass,2,"{""type"":""MultiPoint"",""coordinates"":[]}"
237,2026,0.0,2021,0.7,snow_and_ice,8,flooded_vegetation,3,"{""type"":""MultiPoint"",""coordinates"":[]}"
238,2026,0.0,2021,0.7,snow_and_ice,8,crops,4,"{""type"":""MultiPoint"",""coordinates"":[]}"
239,2026,0.0,2021,0.7,snow_and_ice,8,shrub_and_scrub,5,"{""type"":""MultiPoint"",""coordinates"":[]}"
240,2026,0.0,2021,0.7,snow_and_ice,8,built,6,"{""type"":""MultiPoint"",""coordinates"":[]}"
241,2026,0.0,2021,0.7,snow_and_ice,8,bare,7,"{""type"":""MultiPoint"",""coordinates"":[]}"
242,2026,0.0,2021,0.7,snow_and_ice,8,snow_and_ice,8,"{""type"":""MultiPoint"",""coordinates"":[]}"
